ID,Name,Gender,Age,Date,Country
1,Dett,Male,18,21/05/2015,Great Britain
2,Nern ,Female,19,15/10/2017,France
3,Kallsie,Male,20,16/08/2016,France
4,Siuau,Female,21,21/05/2015,Great Britain
5,Shennice,Male,22,21/05/2016,France
6,Chasse,Female,23,15/10/2018,France
7,Tommye,Male,24,16/08/2017,United States
8,Dorcast,Female,25,21/05/2016,United States
9,Angelee,Male,26,21/05/2017,Great Britain
10,Willoom,Female,27,15/10/2019,France
11,Waeston,Male,28,16/08/2018,Great Britain
12,Rosma,Female,29,21/05/2017,France
13,Felisaas,Male,30,21/05/2018,France
14,Demetas,Female,31,15/10/2020,Great Britain
15,Jeromyw,Female,32,16/08/2019,France
16,Rashid,Female,33,21/05/2018,France
17,Dett,Female,34,21/05/2019,United States
18,Nern ,Female,35,15/10/2021,United States
19,Kallsie,Female,36,16/08/2020,Great Britain
20,Siuau,Female,37,21/05/2019,France
21,Shennice,Female,38,21/05/2020,Great Britain
22,Chasse,Female,39,15/10/2022,France
23,Tommye,Female,40,16/08/2021,France
24,Dorcast,Female,41,21/05/2020,Great Britain
25,Angelee,Female,42,21/05/2021,France
26,Willoom,Female,43,15/10/2023,France
27,Waeston,Female,44,16/08/2022,United States
28,Rosma,Female,45,21/05/2021,United States
29,Felisaas,Female,46,21/05/2022,Great Britain
30,Demetas,Female,47,15/10/2024,France
31,Jeromyw,Female,48,16/08/2023,Great Britain
32,Rashid,Female,49,21/05/2022,France
33,Dett,Female,50,21/05/2023,France
34,Nern ,Female,51,15/10/2025,Great Britain
35,Kallsie,Female,52,16/08/2024,France
36,Siuau,Female,53,21/05/2023,France
37,Shennice,Female,54,21/05/2024,United States
38,Chasse,Female,55,15/10/2026,United States
39,Tommye,Female,56,16/08/2025,Great Britain
40,Dorcast,Female,57,21/05/2024,France
41,Angelee,Female,58,21/05/2025,Great Britain
42,Willoom,Female,59,15/10/2027,France
43,Waeston,Female,60,16/08/2026,France
44,Rosma,Female,61,21/05/2025,Great Britain
45,Felisaas,Female,62,21/05/2026,France
46,Demetas,Female,63,15/10/2028,France
47,Jeromyw,Female,64,16/08/2027,United States
48,Rashid,Female,65,21/05/2026,United States
49,Dett,Male,18,21/05/2015,Great Britain
50,Nern ,Female,19,15/10/2017,France
51,Kallsie,Male,20,16/08/2016,France
52,Siuau,Female,21,21/05/2015,Great Britain
53,Shennice,Male,22,21/05/2016,France
54,Chasse,Female,23,15/10/2018,France
55,Tommye,Male,24,16/08/2017,United States
56,Dorcast,Female,25,21/05/2016,United States
57,Angelee,Male,26,21/05/2017,Great Britain
58,Willoom,Female,27,15/10/2019,France
59,Waeston,Male,28,16/08/2018,Great Britain
60,Rosma,Female,29,21/05/2017,France
61,Felisaas,Male,30,21/05/2018,France
62,Demetas,Female,31,15/10/2020,Great Britain
63,Jeromyw,Female,32,16/08/2019,France
64,Rashid,Female,33,21/05/2018,France
65,Dett,Female,34,21/05/2019,United States
66,Nern ,Female,35,15/10/2021,United States
67,Kallsie,Female,36,16/08/2020,Great Britain
68,Siuau,Female,37,21/05/2019,France
69,Shennice,Female,38,21/05/2020,Great Britain
70,Chasse,Female,39,15/10/2022,France
71,Tommye,Female,40,16/08/2021,France
72,Dorcast,Female,41,21/05/2020,Great Britain
73,Angelee,Female,42,21/05/2021,France
74,Willoom,Female,43,15/10/2023,France
75,Waeston,Female,44,16/08/2022,United States
76,Rosma,Female,45,21/05/2021,United States
77,Felisaas,Female,46,21/05/2022,Great Britain
78,Demetas,Female,47,15/10/2024,France
79,Jeromyw,Female,48,16/08/2023,Great Britain
80,Rashid,Female,49,21/05/2022,France
81,Dett,Female,50,21/05/2023,France
82,Nern ,Female,51,15/10/2025,Great Britain
83,Kallsie,Female,52,16/08/2024,France
84,Siuau,Female,53,21/05/2023,France
85,Shennice,Female,54,21/05/2024,United States
86,Chasse,Female,55,15/10/2026,United States
87,Tommye,Female,56,16/08/2025,Great Britain
88,Dorcast,Female,57,21/05/2024,France
89,Angelee,Female,58,21/05/2025,Great Britain
90,Willoom,Female,59,15/10/2027,France
91,Waeston,Female,60,16/08/2026,France
92,Rosma,Female,61,21/05/2025,Great Britain
93,Felisaas,Female,62,21/05/2026,France
94,Demetas,Female,63,15/10/2028,France
95,Jeromyw,Female,64,16/08/2027,United States
96,Rashid,Female,65,21/05/2026,United States
97,Dett,Male,18,21/05/2015,Great Britain
98,Nern ,Female,19,15/10/2017,France
99,Kallsie,Male,20,16/08/2016,France
100,Siuau,Female,21,21/05/2015,Great Britain
101,Shennice,Male,22,21/05/2016,France
102,Chasse,Female,23,15/10/2018,France
103,Tommye,Male,24,16/08/2017,United States
104,Dorcast,Female,25,21/05/2016,United States
105,Angelee,Male,26,21/05/2017,Great Britain
106,Willoom,Female,27,15/10/2019,France
107,Waeston,Male,28,16/08/2018,Great Britain
108,Rosma,Female,29,21/05/2017,France
109,Felisaas,Male,30,21/05/2018,France
110,Demetas,Female,31,15/10/2020,Great Britain
111,Jeromyw,Female,32,16/08/2019,France
112,Rashid,Female,33,21/05/2018,France
113,Dett,Female,34,21/05/2019,United States
114,Nern ,Female,35,15/10/2021,United States
115,Kallsie,Female,36,16/08/2020,Great Britain
116,Siuau,Female,37,21/05/2019,France
117,Shennice,Female,38,21/05/2020,Great Britain
118,Chasse,Female,39,15/10/2022,France
119,Tommye,Female,40,16/08/2021,France
120,Dorcast,Female,41,21/05/2020,Great Britain
121,Angelee,Female,42,21/05/2021,France
122,Willoom,Female,43,15/10/2023,France
123,Waeston,Female,44,16/08/2022,United States
124,Rosma,Female,45,21/05/2021,United States
125,Felisaas,Female,46,21/05/2022,Great Britain
126,Demetas,Female,47,15/10/2024,France
127,Jeromyw,Female,48,16/08/2023,Great Britain
128,Rashid,Female,49,21/05/2022,France
129,Dett,Female,50,21/05/2023,France
130,Nern ,Female,51,15/10/2025,Great Britain
131,Kallsie,Female,52,16/08/2024,France
132,Siuau,Female,53,21/05/2023,France
133,Shennice,Female,54,21/05/2024,United States
134,Chasse,Female,55,15/10/2026,United States
135,Tommye,Female,56,16/08/2025,Great Britain
136,Dorcast,Female,57,21/05/2024,France
137,Angelee,Female,58,21/05/2025,Great Britain
138,Willoom,Female,59,15/10/2027,France
139,Waeston,Female,60,16/08/2026,France
140,Rosma,Female,61,21/05/2025,Great Britain
141,Felisaas,Female,62,21/05/2026,France
142,Demetas,Female,63,15/10/2028,France
143,Jeromyw,Female,64,16/08/2027,United States
144,Rashid,Female,65,21/05/2026,United States
145,Dett,Male,18,21/05/2015,Great Britain
146,Nern ,Female,19,15/10/2017,France
147,Kallsie,Male,20,16/08/2016,France
148,Siuau,Female,21,21/05/2015,Great Britain
149,Shennice,Male,22,21/05/2016,France
150,Chasse,Female,23,15/10/2018,France
151,Tommye,Male,24,16/08/2017,United States
152,Dorcast,Female,25,21/05/2016,United States
153,Angelee,Male,26,21/05/2017,Great Britain
154,Willoom,Female,27,15/10/2019,France
155,Waeston,Male,28,16/08/2018,Great Britain
156,Rosma,Female,29,21/05/2017,France
157,Felisaas,Male,30,21/05/2018,France
158,Demetas,Female,31,15/10/2020,Great Britain
159,Jeromyw,Female,32,16/08/2019,France
160,Rashid,Female,33,21/05/2018,France
161,Dett,Female,34,21/05/2019,United States
162,Nern ,Female,35,15/10/2021,United States
163,Kallsie,Female,36,16/08/2020,Great Britain
164,Siuau,Female,37,21/05/2019,France
165,Shennice,Female,38,21/05/2020,Great Britain
166,Chasse,Female,39,15/10/2022,France
167,Tommye,Female,40,16/08/2021,France
168,Dorcast,Female,41,21/05/2020,Great Britain
169,Angelee,Female,42,21/05/2021,France
170,Willoom,Female,43,15/10/2023,France
171,Waeston,Female,44,16/08/2022,United States
172,Rosma,Female,45,21/05/2021,United States
173,Felisaas,Female,46,21/05/2022,Great Britain
174,Demetas,Female,47,15/10/2024,France
175,Jeromyw,Female,48,16/08/2023,Great Britain
176,Rashid,Female,49,21/05/2022,France
177,Dett,Female,50,21/05/2023,France
178,Nern ,Female,51,15/10/2025,Great Britain
179,Kallsie,Female,52,16/08/2024,France
180,Siuau,Female,53,21/05/2023,France
181,Shennice,Female,54,21/05/2024,United States
182,Chasse,Female,55,15/10/2026,United States
183,Tommye,Female,56,16/08/2025,Great Britain
184,Dorcast,Female,57,21/05/2024,France
185,Angelee,Female,58,21/05/2025,Great Britain
186,Willoom,Female,59,15/10/2027,France
187,Waeston,Female,60,16/08/2026,France
188,Rosma,Female,61,21/05/2025,Great Britain
189,Felisaas,Female,62,21/05/2026,France
190,Demetas,Female,63,15/10/2028,France
191,Jeromyw,Female,64,16/08/2027,United States
192,Rashid,Female,65,21/05/2026,United States
193,Dett,Male,18,21/05/2015,Great Britain
194,Nern ,Female,19,15/10/2017,France
195,Kallsie,Male,20,16/08/2016,France
196,Siuau,Female,21,21/05/2015,Great Britain
197,Shennice,Male,22,21/05/2016,France
198,Chasse,Female,23,15/10/2018,France
199,Tommye,Male,24,16/08/2017,United States
200,Dorcast,Female,25,21/05/2016,United States
2370,Rosma,Female,45,21/05/2021,United States
2371,Felisaas,Female,46,21/05/2022,Great Britain
2372,Demetas,Female,47,15/10/2024,France
2373,Jeromyw,Female,48,16/08/2023,Great Britain
2374,Rashid,Female,49,21/05/2022,France
2375,Dett,Female,50,21/05/2023,France
2376,Nern ,Female,51,15/10/2025,Great Britain
2377,Kallsie,Female,52,16/08/2024,France
2378,Siuau,Female,53,21/05/2023,France
2379,Shennice,Female,54,21/05/2024,United States
2380,Chasse,Female,55,15/10/2026,United States
2381,Tommye,Female,56,16/08/2025,Great Britain
2382,Dorcast,Female,57,21/05/2024,France
2383,Angelee,Female,58,21/05/2025,Great Britain
2384,Willoom,Female,59,15/10/2027,France
2385,Waeston,Female,60,16/08/2026,France
2386,Rosma,Female,61,21/05/2025,Great Britain
2387,Felisaas,Female,62,21/05/2026,France
2388,Demetas,Female,63,15/10/2028,France
2389,Jeromyw,Female,64,16/08/2027,United States
2390,Rashid,Female,65,21/05/2026,United States
2391,Nern ,Female,35,15/10/2021,United States
2392,Kallsie,Female,36,16/08/2020,Great Britain
2393,Siuau,Female,37,21/05/2019,France
2394,Shennice,Female,38,21/05/2020,Great Britain
2395,Chasse,Female,39,15/10/2022,France
2396,Tommye,Female,40,16/08/2021,France
2397,Dorcast,Female,41,21/05/2020,Great Britain
2398,Angelee,Female,42,21/05/2021,France
2399,Willoom,Female,43,15/10/2023,France
2400,Waeston,Female,44,16/08/2022,United States
2401,Rosma,Female,45,21/05/2021,United States
2402,Felisaas,Female,46,21/05/2022,Great Britain
2403,Demetas,Female,47,15/10/2024,France
2404,Jeromyw,Female,48,16/08/2023,Great Britain
2362,Siuau,Female,37,21/05/2019,France
2363,Shennice,Female,38,21/05/2020,Great Britain
2364,Chasse,Female,39,15/10/2022,France
2365,Tommye,Female,40,16/08/2021,France
2366,Dorcast,Female,41,21/05/2020,Great Britain
2367,Angelee,Female,42,21/05/2021,France
2368,Willoom,Female,43,15/10/2023,France
2369,Waeston,Female,44,16/08/2022,United States
2370,Rosma,Female,45,21/05/2021,United States
2371,Felisaas,Female,46,21/05/2022,Great Britain
2372,Demetas,Female,47,15/10/2024,France
2373,Jeromyw,Female,48,16/08/2023,Great Britain
2374,Rashid,Female,49,21/05/2022,France
2375,Dett,Female,50,21/05/2023,France
2376,Nern ,Female,51,15/10/2025,Great Britain
2377,Kallsie,Female,52,16/08/2024,France
2378,Siuau,Female,53,21/05/2023,France
2379,Shennice,Female,54,21/05/2024,United States
2380,Chasse,Female,55,15/10/2026,United States
2381,Tommye,Female,56,16/08/2025,Great Britain
2382,Dorcast,Female,57,21/05/2024,France
2383,Angelee,Female,58,21/05/2025,Great Britain
2384,Willoom,Female,59,15/10/2027,France
2385,Waeston,Female,60,16/08/2026,France
2386,Rosma,Female,61,21/05/2025,Great Britain
2387,Felisaas,Female,62,21/05/2026,France
2388,Demetas,Female,63,15/10/2028,France
2389,Jeromyw,Female,64,16/08/2027,United States
2390,Rashid,Female,65,21/05/2026,United States
2391,Nern ,Female,35,15/10/2021,United States
2392,Kallsie,Female,36,16/08/2020,Great Britain
2393,Siuau,Female,37,21/05/2019,France
2394,Shennice,Female,38,21/05/2020,Great Britain
2395,Chasse,Female,39,15/10/2022,France
2396,Tommye,Female,40,16/08/2021,France
2397,Dorcast,Female,41,21/05/2020,Great Britain
2398,Angelee,Female,42,21/05/2021,France
2399,Willoom,Female,43,15/10/2023,France
2400,Waeston,Female,44,16/08/2022,United States
2401,Rosma,Female,45,21/05/2021,United States
2402,Felisaas,Female,46,21/05/2022,Great Britain
2403,Demetas,Female,47,15/10/2024,France
2404,Jeromyw,Female,48,16/08/2023,Great Britain
2362,Siuau,Female,37,21/05/2019,France
2363,Shennice,Female,38,21/05/2020,Great Britain
2364,Chasse,Female,39,15/10/2022,France
2365,Tommye,Female,40,16/08/2021,France
2366,Dorcast,Female,41,21/05/2020,Great Britain
2367,Angelee,Female,42,21/05/2021,France
2368,Willoom,Female,43,15/10/2023,France
2369,Waeston,Female,44,16/08/2022,United States
2370,Rosma,Female,45,21/05/2021,United States
2371,Felisaas,Female,46,21/05/2022,Great Britain
2372,Demetas,Female,47,15/10/2024,France
2373,Jeromyw,Female,48,16/08/2023,Great Britain
2374,Rashid,Female,49,21/05/2022,France
2375,Dett,Female,50,21/05/2023,France
2376,Nern ,Female,51,15/10/2025,Great Britain
2377,Kallsie,Female,52,16/08/2024,France
2378,Siuau,Female,53,21/05/2023,France
2379,Shennice,Female,54,21/05/2024,United States
2380,Chasse,Female,55,15/10/2026,United States
2381,Tommye,Female,56,16/08/2025,Great Britain
2382,Dorcast,Female,57,21/05/2024,France
2383,Angelee,Female,58,21/05/2025,Great Britain
2384,Willoom,Female,59,15/10/2027,France
2385,Waeston,Female,60,16/08/2026,France
2386,Rosma,Female,61,21/05/2025,Great Britain
2387,Felisaas,Female,62,21/05/2026,France
2388,Demetas,Female,63,15/10/2028,France
2389,Jeromyw,Female,64,16/08/2027,United States
2390,Rashid,Female,65,21/05/2026,United States
2391,Nern ,Female,35,15/10/2021,United States
2392,Kallsie,Female,36,16/08/2020,Great Britain
2393,Siuau,Female,37,21/05/2019,France
2394,Shennice,Female,38,21/05/2020,Great Britain
2395,Chasse,Female,39,15/10/2022,France
2396,Tommye,Female,40,16/08/2021,France
2397,Dorcast,Female,41,21/05/2020,Great Britain
2398,Angelee,Female,42,21/05/2021,France
2399,Willoom,Female,43,15/10/2023,France
2400,Waeston,Female,44,16/08/2022,United States
2401,Rosma,Female,45,21/05/2021,United States
2402,Felisaas,Female,46,21/05/2022,Great Britain
2403,Demetas,Female,47,15/10/2024,France
2404,Jeromyw,Female,48,16/08/2023,Great Britain
2362,Siuau,Female,37,21/05/2019,France
2363,Shennice,Female,38,21/05/2020,Great Britain
2364,Chasse,Female,39,15/10/2022,France
2365,Tommye,Female,40,16/08/2021,France
2366,Dorcast,Female,41,21/05/2020,Great Britain
2367,Angelee,Female,42,21/05/2021,France
2368,Willoom,Female,43,15/10/2023,France
2369,Waeston,Female,44,16/08/2022,United States
2370,Rosma,Female,45,21/05/2021,United States
2371,Felisaas,Female,46,21/05/2022,Great Britain
2372,Demetas,Female,47,15/10/2024,France
2373,Jeromyw,Female,48,16/08/2023,Great Britain
2374,Rashid,Female,49,21/05/2022,France
2375,Dett,Female,50,21/05/2023,France
2376,Nern ,Female,51,15/10/2025,Great Britain
2377,Kallsie,Female,52,16/08/2024,France
2378,Siuau,Female,53,21/05/2023,France
2379,Shennice,Female,54,21/05/2024,United States
2380,Chasse,Female,55,15/10/2026,United States
2381,Tommye,Female,56,16/08/2025,Great Britain
2382,Dorcast,Female,57,21/05/2024,France
2383,Angelee,Female,58,21/05/2025,Great Britain
2384,Willoom,Female,59,15/10/2027,France
2385,Waeston,Female,60,16/08/2026,France
2386,Rosma,Female,61,21/05/2025,Great Britain
2387,Felisaas,Female,62,21/05/2026,France
2388,Demetas,Female,63,15/10/2028,France
2389,Jeromyw,Female,64,16/08/2027,United States
2390,Rashid,Female,65,21/05/2026,United States
2391,Nern ,Female,35,15/10/2021,United States
2392,Kallsie,Female,36,16/08/2020,Great Britain
2393,Siuau,Female,37,21/05/2019,France
2394,Shennice,Female,38,21/05/2020,Great Britain
2395,Chasse,Female,39,15/10/2022,France
2396,Tommye,Female,40,16/08/2021,France
2397,Dorcast,Female,41,21/05/2020,Great Britain
2398,Angelee,Female,42,21/05/2021,France
2399,Willoom,Female,43,15/10/2023,France
2400,Waeston,Female,44,16/08/2022,United States
2401,Rosma,Female,45,21/05/2021,United States
2402,Felisaas,Female,46,21/05/2022,Great Britain
2403,Demetas,Female,47,15/10/2024,France
2404,Jeromyw,Female,48,16/08/2023,Great Britain
2362,Siuau,Female,37,21/05/2019,France
2363,Shennice,Female,38,21/05/2020,Great Britain
2364,Chasse,Female,39,15/10/2022,France
2365,Tommye,Female,40,16/08/2021,France